A1_B002571,[]
A17_B003116,[]
A7_B003126,[]
A22_B002074,[]
A18_B003654,[]
A9_B003527,"[['T903T', 'T903T', 'T903T']]"
A5_B002571,[]
A16_B002572,[]
A4_B003071,[]
A21_1001000407,"[['Q787Q', 'Q787Q', 'Q787Q', 'Q787Q']]"
A18_B003775,[]
A4_B002571,[]
A12_1001000317,[]
A3_1001000408,[]
A3_1001000412,[]
A8_B003115,[]
A17_B003112,[]
A13_B000420,[]
A6_B003093,[]
A18_1001000407,[]
A6_B002572,[]
A21_B003528,[]
A15_B003518,[]
A7_1001000407,[]
A22_B003071,[]
A11_B000860,[]
A11_B002573,[]
A3_B003659,[]
A5_B003191,[]
A20_B003920,[]
A5_B003070,[]
A12_1001000412,"[['R521K', 'R521K', 'R521K', 'R521K', 'R521K', 'R521K', 'R521K', 'R521K', 'R521K', 'R521K', 'R521K', 'R521K', 'R521K', 'R521K', 'R521K', 'R521K', 'R521K', 'R521K', 'R521K', 'R521K', 'R521K', 'R521K', 'R521K', 'R521K', 'R521K', 'R521K', 'R521K', 'R521K', 'R521K', 'R521K', 'R521K', 'R521K']]"
A8_B001475,[]
A6_B001474,[]
A11_1001000407,"[['Q787Q', 'Q787Q', 'Q787Q', 'Q787Q'], ['T629T', 'T629T', 'T629T', 'T629T', 'T629T', 'T629T'], ['R521K', 'R521K', 'R521K', 'R521K', 'R521K', 'R521K', 'R521K', 'R521K', 'R521K', 'R521K', 'R521K', 'R521K', 'R521K', 'R521K', 'R521K', 'R521K', 'R521K', 'R521K', 'R521K', 'R521K', 'R521K', 'R521K', 'R521K', 'R521K', 'R521K', 'R521K', 'R521K', 'R521K', 'R521K', 'R521K', 'R521K', 'R521K']]"
A2_B003132,"[['R521K', 'R521K', 'R521K', 'R521K', 'R521K', 'R521K', 'R521K', 'R521K', 'R521K', 'R521K', 'R521K', 'R521K', 'R521K', 'R521K', 'R521K', 'R521K', 'R521K', 'R521K', 'R521K', 'R521K', 'R521K', 'R521K', 'R521K', 'R521K', 'R521K', 'R521K', 'R521K', 'R521K', 'R521K', 'R521K', 'R521K', 'R521K']]"
A19_1001000412,[]
A20_B003894,[]
A21_1001000408,[]
A21_B003093,"[['T903T', 'T903T', 'T903T']]"
A12_B002078,[]
A14_B003920,[]
A2_1001000412,[]
A11_B000862,[]
A2_B003129,[]
A22_B003775,[]
A5_B001474,"[['T629T', 'T629T', 'T629T', 'T629T', 'T629T', 'T629T'], ['Q787Q', 'Q787Q', 'Q787Q', 'Q787Q']]"
A6_B003648,[]
A10_B002572,[]
A21_B003518,[]
A1_B003191,"[['Q787Q', 'Q787Q', 'Q787Q', 'Q787Q']]"
A9_B000861,[]
A15_B000420,[]
A5_B003187,[]
A18_B002078,[]
A17_1001000408,"[['T903T', 'T903T', 'T903T'], ['Q787Q', 'Q787Q', 'Q787Q', 'Q787Q'], ['T629T', 'T629T', 'T629T', 'T629T', 'T629T', 'T629T']]"
A21_B003920,[]
A6_1001000412,"[['R521K', 'R521K', 'R521K', 'R521K', 'R521K', 'R521K', 'R521K', 'R521K', 'R521K', 'R521K', 'R521K', 'R521K', 'R521K', 'R521K', 'R521K', 'R521K', 'R521K', 'R521K', 'R521K', 'R521K', 'R521K', 'R521K', 'R521K', 'R521K', 'R521K', 'R521K', 'R521K', 'R521K', 'R521K', 'R521K', 'R521K', 'R521K']]"
A15_B003920,[]
A7_1001000412,[]
A13_B003528,[]
A15_B003527,[]
A15_B003132,[]
A10_B003527,[]
A6_B003132,[]
A20_1001000339,"[['T629T', 'T629T', 'T629T', 'T629T', 'T629T', 'T629T']]"
A16_B003777,[]
A18_B003528,[]
A6_B001475,[]
A9_B001475,[]
A7_1001000408,"[['R521K', 'R521K', 'R521K', 'R521K', 'R521K', 'R521K', 'R521K', 'R521K', 'R521K', 'R521K', 'R521K', 'R521K', 'R521K', 'R521K', 'R521K', 'R521K', 'R521K', 'R521K', 'R521K', 'R521K', 'R521K', 'R521K', 'R521K', 'R521K', 'R521K', 'R521K', 'R521K', 'R521K', 'R521K', 'R521K', 'R521K', 'R521K']]"
A13_B002572,[]
A18_B003588,[]
A22_B003522,"[['T903T', 'T903T', 'T903T']]"
A20_B003112,[]
A19_B002097,[]
A22_B003527,[]
A22_1001000407,[]
A16_B003129,"[['N158N', 'N158N', 'N158N', 'N158N']]"
A20_B003588,[]
A12_B003070,[]
A8_B003523,[]
A10_1001000412,"[['Q787Q', 'Q787Q', 'Q787Q', 'Q787Q'], ['T629T', 'T629T', 'T629T', 'T629T', 'T629T', 'T629T'], ['R521K', 'R521K', 'R521K', 'R521K', 'R521K', 'R521K', 'R521K', 'R521K', 'R521K', 'R521K', 'R521K', 'R521K', 'R521K', 'R521K', 'R521K', 'R521K', 'R521K', 'R521K', 'R521K', 'R521K', 'R521K', 'R521K', 'R521K', 'R521K', 'R521K', 'R521K', 'R521K', 'R521K', 'R521K', 'R521K', 'R521K', 'R521K']]"
A9_B001474,[]
A14_B003776,[]
A20_B002074,"[['T629T', 'T629T', 'T629T', 'T629T', 'T629T', 'T629T'], ['T903T', 'T903T', 'T903T'], ['Q787Q', 'Q787Q', 'Q787Q', 'Q787Q'], ['R831H']]"
A19_B003116,[]
A19_B003894,[]
A7_B003191,[]
A14_B003527,[]
A7_B001545,[]
A17_B003777,[]
A19_B002078,"[['N158N', 'N158N', 'N158N', 'N158N']]"
A2_B003191,[]
A2_1001000408,[]
A1_B001543,"[['Q787Q', 'Q787Q', 'Q787Q', 'Q787Q']]"
A9_B000863,[]
A12_B002572,[]
A15_B003126,[]
A19_1001000407,[]
A3_B003132,[]
A6_B000862,[]
A2_B003067,[]
A16_B003654,[]
A14_B003112,[]
A10_B001470,[]
A5_B003648,[]
A8_B003659,[]
A19_B003518,[]
A9_B003528,[]
A8_B003527,[]
A16_B003776,[]
A21_B002572,[]
A9_1001000412,"[['T903T', 'T903T', 'T903T'], ['Q787Q', 'Q787Q', 'Q787Q', 'Q787Q'], ['R521K', 'R521K', 'R521K', 'R521K', 'R521K', 'R521K', 'R521K', 'R521K', 'R521K', 'R521K', 'R521K', 'R521K', 'R521K', 'R521K', 'R521K', 'R521K', 'R521K', 'R521K', 'R521K', 'R521K', 'R521K', 'R521K', 'R521K', 'R521K', 'R521K', 'R521K', 'R521K', 'R521K', 'R521K', 'R521K', 'R521K', 'R521K']]"
A8_B001545,[]
A20_1001000412,[]
A14_1001000340,[]
A9_B003588,[]
A3_B000862,[]
A4_B002572,[]
A18_B003777,[]
A9_B000860,[]
A19_B002074,[]
A8_B003528,[]
A19_B003654,[]
A14_B002572,[]
A15_B002073,[]
A15_B003071,[]
A9_B003647,[]
A20_B003116,[]
A20_B003527,[]
A14_B003775,[]
A14_B003518,[]
A10_B001474,[]
A13_1001000407,"[['T903T', 'T903T', 'T903T'], ['Q787Q', 'Q787Q', 'Q787Q', 'Q787Q'], ['T629T', 'T629T', 'T629T', 'T629T', 'T629T', 'T629T'], ['L858R', 'L858R', 'L858R', 'L858R', 'L858R', 'L858R', 'L858R', 'L858R', 'L858R', 'L858R', 'L858R', 'L858R', 'L858R', 'L858R', 'L858R', 'L858R', 'L858R', 'L858R', 'L858R', 'L858R', 'L858R', 'L858R', 'L858R', 'L858R', 'L858R', 'L858R', 'L858R', 'L858R', 'L858R', 'L858R', 'L858R', 'L858R', 'L858R', 'L858R', 'L858R', 'L858R', 'L858R', 'L858R', 'L858R', 'L858R', 'L858R', 'L858R', 'L858R', 'L858R', 'L858R', 'L858R', 'L858R', 'L858R', 'L858R', 'L858R', 'L858R', 'L858R', 'L858R', 'L858R', 'L858R', 'L858R', 'L858R', 'L858R', 'L858R']]"
A3_B003067,[]
A6_B003129,[]
A17_B003776,"[['T903T', 'T903T', 'T903T']]"
A9_10001000325,[]
A1_B001464,[]
A16_B003125,[]
A14_1001000407,[]
A19_B000420,[]
A3_B001464,[]
A22_B003112,[]
A21_B003775,"[['Q787Q', 'Q787Q', 'Q787Q', 'Q787Q'], ['T629T', 'T629T', 'T629T', 'T629T', 'T629T', 'T629T']]"
A9_1001000407,[]
A18_B003518,"[['T903T', 'T903T', 'T903T']]"
A9_1001000408,[]
A14_1001000408,[]
A12_B003116,[]
A19_B002572,[]
A15_B003528,[]
A6_B002571,[]
A1_B001474,"[['T629T', 'T629T', 'T629T', 'T629T', 'T629T', 'T629T'], ['Q787Q', 'Q787Q', 'Q787Q', 'Q787Q']]"
A22_B003191,[]
A21_B003777,[]
A19_B003588,[]
A10_1001000407,"[['R521K', 'R521K', 'R521K', 'R521K', 'R521K', 'R521K', 'R521K', 'R521K', 'R521K', 'R521K', 'R521K', 'R521K', 'R521K', 'R521K', 'R521K', 'R521K', 'R521K', 'R521K', 'R521K', 'R521K', 'R521K', 'R521K', 'R521K', 'R521K', 'R521K', 'R521K', 'R521K', 'R521K', 'R521K', 'R521K', 'R521K', 'R521K']]"
A12_1001000407,"[['R521K', 'R521K', 'R521K', 'R521K', 'R521K', 'R521K', 'R521K', 'R521K', 'R521K', 'R521K', 'R521K', 'R521K', 'R521K', 'R521K', 'R521K', 'R521K', 'R521K', 'R521K', 'R521K', 'R521K', 'R521K', 'R521K', 'R521K', 'R521K', 'R521K', 'R521K', 'R521K', 'R521K', 'R521K', 'R521K', 'R521K', 'R521K']]"
A21_B002078,[]
A3_B002573,[]
A13_1001000412,[]
A15_B003125,[]
A21_B003522,[]
A8_1001000340,[]
A1_B003523,[]
A16_1001000407,"[['T903T', 'T903T', 'T903T'], ['Q787Q', 'Q787Q', 'Q787Q', 'Q787Q'], ['T629T', 'T629T', 'T629T', 'T629T', 'T629T', 'T629T'], ['R521K', 'R521K', 'R521K', 'R521K', 'R521K', 'R521K', 'R521K', 'R521K', 'R521K', 'R521K', 'R521K', 'R521K', 'R521K', 'R521K', 'R521K', 'R521K', 'R521K', 'R521K', 'R521K', 'R521K', 'R521K', 'R521K', 'R521K', 'R521K', 'R521K', 'R521K', 'R521K', 'R521K', 'R521K', 'R521K', 'R521K', 'R521K'], ['L858R', 'L858R', 'L858R', 'L858R', 'L858R', 'L858R', 'L858R', 'L858R', 'L858R', 'L858R', 'L858R', 'L858R', 'L858R', 'L858R', 'L858R', 'L858R', 'L858R', 'L858R', 'L858R', 'L858R', 'L858R', 'L858R', 'L858R', 'L858R', 'L858R', 'L858R', 'L858R', 'L858R', 'L858R', 'L858R', 'L858R', 'L858R', 'L858R', 'L858R', 'L858R', 'L858R', 'L858R', 'L858R', 'L858R', 'L858R', 'L858R', 'L858R', 'L858R', 'L858R', 'L858R', 'L858R', 'L858R', 'L858R', 'L858R', 'L858R', 'L858R', 'L858R', 'L858R', 'L858R', 'L858R', 'L858R', 'L858R', 'L858R', 'L858R']]"
A17_B003920,[]
A1_B002572,[]
A10_B003125,[]
A13_B003529,[]
A21_B000420,[]
A10_B001545,"[['T903T', 'T903T', 'T903T'], ['Q787Q', 'Q787Q', 'Q787Q', 'Q787Q']]"
A7_B002573,[]
A15_B003116,[]
A18_B002572,[]
A8_B003125,[]
A17_1001000407,"[['Q787Q', 'Q787Q', 'Q787Q', 'Q787Q'], ['T629T', 'T629T', 'T629T', 'T629T', 'T629T', 'T629T'], ['R521K', 'R521K', 'R521K', 'R521K', 'R521K', 'R521K', 'R521K', 'R521K', 'R521K', 'R521K', 'R521K', 'R521K', 'R521K', 'R521K', 'R521K', 'R521K', 'R521K', 'R521K', 'R521K', 'R521K', 'R521K', 'R521K', 'R521K', 'R521K', 'R521K', 'R521K', 'R521K', 'R521K', 'R521K', 'R521K', 'R521K', 'R521K']]"
A10_B000863,[]
A20_B002078,[]
A1_B000883,[]
A8_B000863,[]
A10_B003529,[]
A7_B003115,[]
A11_B003527,[]
A21_B003658,[]
A16_B003112,[]
A2_1001000411,[]
A14_B003191,[]
A1_B003528,[]
A11_1001000408,[]
A7_10001000325,[]
A22_B003129,[]
A2_B003659,[]
A22_B003646,[]
A16_B002074,"[['T903T', 'T903T', 'T903T']]"
A11_B003522,[]
A5_1001000317,[]
A11_B001475,[]
A18_B003112,[]
A13_B003518,[]
A11_B003067,[]
A5_1001000407,"[['T903T', 'T903T', 'T903T'], ['Q787Q', 'Q787Q', 'Q787Q', 'Q787Q'], ['T629T', 'T629T', 'T629T', 'T629T', 'T629T', 'T629T'], ['S768I', 'S768I', 'S768I'], ['R521K', 'R521K', 'R521K', 'R521K', 'R521K', 'R521K', 'R521K', 'R521K', 'R521K', 'R521K', 'R521K', 'R521K', 'R521K', 'R521K', 'R521K', 'R521K', 'R521K', 'R521K', 'R521K', 'R521K', 'R521K', 'R521K', 'R521K', 'R521K', 'R521K', 'R521K', 'R521K', 'R521K', 'R521K', 'R521K', 'R521K', 'R521K']]"
A22_B000420,[]
A9_B003577,[]
A7_B001474,[]
A4_B003067,[]
A16_B003191,[]
A14_B003067,[]
A17_B003528,[]
A6_B003528,[]
A11_B001474,[]
A12_B003528,[]
A10_B003518,[]
A14_B003528,[]
A4_B003132,[]
A18_B003776,[]
A14_B003777,[]
A14_B003588,[]
A15_B002572,[]
A6_B000863,[]
A1_B003648,[]
A13_B003522,"[['N158N', 'N158N', 'N158N', 'N158N']]"
A11_B003528,[]
A21_B003894,[]
A20_B003777,[]
A7_B003187,[]
A11_B001470,[]
A16_B003920,[]
A15_1001000408,"[['T629T', 'T629T', 'T629T', 'T629T', 'T629T', 'T629T']]"
A8_B001470,[]
A16_1001000408,[]
A3_B003187,[]
A7_B003528,[]
A3_B001470,[]
A14_1001000339,"[['T629T', 'T629T', 'T629T', 'T629T', 'T629T', 'T629T']]"
A2_B003115,[]
A3_B002572,[]
A21_B003120,[]
A17_B002097,[]
A17_1001000339,"[['R521K', 'R521K', 'R521K', 'R521K', 'R521K', 'R521K', 'R521K', 'R521K', 'R521K', 'R521K', 'R521K', 'R521K', 'R521K', 'R521K', 'R521K', 'R521K', 'R521K', 'R521K', 'R521K', 'R521K', 'R521K', 'R521K', 'R521K', 'R521K', 'R521K', 'R521K', 'R521K', 'R521K', 'R521K', 'R521K', 'R521K', 'R521K']]"
A4_B001464,[]
A19_1001000408,[]
A16_1001000339,"[['T629T', 'T629T', 'T629T', 'T629T', 'T629T', 'T629T'], ['R521K', 'R521K', 'R521K', 'R521K', 'R521K', 'R521K', 'R521K', 'R521K', 'R521K', 'R521K', 'R521K', 'R521K', 'R521K', 'R521K', 'R521K', 'R521K', 'R521K', 'R521K', 'R521K', 'R521K', 'R521K', 'R521K', 'R521K', 'R521K', 'R521K', 'R521K', 'R521K', 'R521K', 'R521K', 'R521K', 'R521K', 'R521K']]"
A9_B003119,[]
A10_B003070,[]
A5_B000862,"[['D994D', 'D994D', 'D994D', 'D994D'], ['T903T', 'T903T', 'T903T']]"
A3_B003115,[]
A17_B000420,[]
A15_B003529,[]
A19_1001000340,[]
A12_1001000408,[]
A17_B003775,[]
A13_B003894,[]
A8_B002571,[]
A10_B003588,[]
A6_1001000408,[]
A7_B003518,[]
A22_1001000408,[]
A9_B002573,[]
A14_B003187,[]
A21_B003527,[]
A3_B003191,[]
A11_B003523,[]
A22_B003777,[]
A12_B003776,[]
A8_B003191,[]
A11_1001000412,"[['Q787Q', 'Q787Q', 'Q787Q', 'Q787Q'], ['T629T', 'T629T', 'T629T', 'T629T', 'T629T', 'T629T'], ['R521K', 'R521K', 'R521K', 'R521K', 'R521K', 'R521K', 'R521K', 'R521K', 'R521K', 'R521K', 'R521K', 'R521K', 'R521K', 'R521K', 'R521K', 'R521K', 'R521K', 'R521K', 'R521K', 'R521K', 'R521K', 'R521K', 'R521K', 'R521K', 'R521K', 'R521K', 'R521K', 'R521K', 'R521K', 'R521K', 'R521K', 'R521K']]"
A14_B003129,[]
A13_1001000340,[]
A9_B001470,[]
A16_B003518,[]
A3_B003070,[]
A10_B003071,[]
A18_1001000408,[]
A19_B003527,[]
A9_B001543,[]
A19_B003528,[]
A12_B003529,[]
A14_B002073,[]
A6_B003191,"[['T903T', 'T903T', 'T903T'], ['Q787Q', 'Q787Q', 'Q787Q', 'Q787Q']]"
A15_1001000412,"[['T903T', 'T903T', 'T903T'], ['Q787Q', 'Q787Q', 'Q787Q', 'Q787Q'], ['T629T', 'T629T', 'T629T', 'T629T', 'T629T', 'T629T'], ['R521K', 'R521K', 'R521K', 'R521K', 'R521K', 'R521K', 'R521K', 'R521K', 'R521K', 'R521K', 'R521K', 'R521K', 'R521K', 'R521K', 'R521K', 'R521K', 'R521K', 'R521K', 'R521K', 'R521K', 'R521K', 'R521K', 'R521K', 'R521K', 'R521K', 'R521K', 'R521K', 'R521K', 'R521K', 'R521K', 'R521K', 'R521K']]"
A17_B002073,[]
A5_B001545,[]
A9_B000862,[]
A4_B003187,[]
A1_B003646,[]
A1_B003115,[]
A20_B000420,[]
A4_B003070,[]
A22_B002097,[]
A13_B003112,[]
A22_B003067,[]
A15_B003129,[]
A16_B003894,[]
A16_B002073,[]
A15_1001000340,"[['T903T', 'T903T', 'T903T']]"
A15_B003187,[]
A10_1001000408,[]
A15_B003070,[]
A20_B002073,[]
A1_B003129,[]
A14_1001000412,"[['Q787Q', 'Q787Q', 'Q787Q', 'Q787Q']]"
A8_B003126,"[['T629T', 'T629T', 'T629T', 'T629T', 'T629T', 'T629T'], ['R521K', 'R521K', 'R521K', 'R521K', 'R521K', 'R521K', 'R521K', 'R521K', 'R521K', 'R521K', 'R521K', 'R521K', 'R521K', 'R521K', 'R521K', 'R521K', 'R521K', 'R521K', 'R521K', 'R521K', 'R521K', 'R521K', 'R521K', 'R521K', 'R521K', 'R521K', 'R521K', 'R521K', 'R521K', 'R521K', 'R521K', 'R521K']]"
A22_B003116,[]
A18_B003527,[]
A19_B003777,[]
A1_B003067,[]
A2_B001543,[]
A7_B002572,[]
A14_B002074,[]
A9_B002572,[]
A4_B000861,[]
A21_1001000412,"[['Q787Q', 'Q787Q', 'Q787Q', 'Q787Q'], ['T629T', 'T629T', 'T629T', 'T629T', 'T629T', 'T629T'], ['R521K', 'R521K', 'R521K', 'R521K', 'R521K', 'R521K', 'R521K', 'R521K', 'R521K', 'R521K', 'R521K', 'R521K', 'R521K', 'R521K', 'R521K', 'R521K', 'R521K', 'R521K', 'R521K', 'R521K', 'R521K', 'R521K', 'R521K', 'R521K', 'R521K', 'R521K', 'R521K', 'R521K', 'R521K', 'R521K', 'R521K', 'R521K']]"
A11_B003119,[]
A10_B003523,[]
A15_B002078,"[['T629T', 'T629T', 'T629T', 'T629T', 'T629T', 'T629T'], ['R521K', 'R521K', 'R521K', 'R521K', 'R521K', 'R521K', 'R521K', 'R521K', 'R521K', 'R521K', 'R521K', 'R521K', 'R521K', 'R521K', 'R521K', 'R521K', 'R521K', 'R521K', 'R521K', 'R521K', 'R521K', 'R521K', 'R521K', 'R521K', 'R521K', 'R521K', 'R521K', 'R521K', 'R521K', 'R521K', 'R521K', 'R521K'], ['N158N', 'N158N', 'N158N', 'N158N']]"
A2_B001470,[]
A18_B002074,[]
A7_B003523,[]
A16_B003527,[]
A22_B003080,[]
A13_B003777,[]
A14_B003529,[]
A18_B003120,[]
A21_B003116,[]
A14_B003125,[]
A8_B000573,[]
A16_B003132,[]
A9_B003115,[]
A17_B003518,[]
A5_1001000408,"[['R521K', 'R521K', 'R521K', 'R521K', 'R521K', 'R521K', 'R521K', 'R521K', 'R521K', 'R521K', 'R521K', 'R521K', 'R521K', 'R521K', 'R521K', 'R521K', 'R521K', 'R521K', 'R521K', 'R521K', 'R521K', 'R521K', 'R521K', 'R521K', 'R521K', 'R521K', 'R521K', 'R521K', 'R521K', 'R521K', 'R521K', 'R521K']]"
A15_1001000407,[]
A15_B003776,"[['Q787Q', 'Q787Q', 'Q787Q', 'Q787Q']]"
A11_B000861,[]
A13_B003527,[]
A7_B001470,[]
A21_B002074,[]
A7_B002571,[]
A14_B002078,[]
A14_B003126,[]
A8_B001474,[]
A6_B003527,[]
A14_B002097,[]
A16_B003528,[]
A8_B003187,[]
A5_B003132,[]
A6_B003187,[]
A4_B003191,[]
A17_B003120,[]
A17_B003654,[]
A22_B003776,[]
A4_1001000411,"[['R521K', 'R521K', 'R521K', 'R521K', 'R521K', 'R521K', 'R521K', 'R521K', 'R521K', 'R521K', 'R521K', 'R521K', 'R521K', 'R521K', 'R521K', 'R521K', 'R521K', 'R521K', 'R521K', 'R521K', 'R521K', 'R521K', 'R521K', 'R521K', 'R521K', 'R521K', 'R521K', 'R521K', 'R521K', 'R521K', 'R521K', 'R521K']]"
A4_10001000325,[]
A20_1001000407,"[['Q787Q', 'Q787Q', 'Q787Q', 'Q787Q'], ['T629T', 'T629T', 'T629T', 'T629T', 'T629T', 'T629T']]"
A1_B003121,[]
A16_B000420,[]
A1_B003132,[]
A11_B003577,[]
A13_1001000408,[]
A17_1001000412,[]
A18_B003522,[]
A17_B003894,[]
A21_B003112,[]
A16_B003120,[]
A16_B003126,[]
A12_B003518,[]
A10_B003528,[]
A20_1001000408,"[['T903T', 'T903T', 'T903T'], ['Q787Q', 'Q787Q', 'Q787Q', 'Q787Q'], ['L858R', 'L858R', 'L858R', 'L858R', 'L858R', 'L858R', 'L858R', 'L858R', 'L858R', 'L858R', 'L858R', 'L858R', 'L858R', 'L858R', 'L858R', 'L858R', 'L858R', 'L858R', 'L858R', 'L858R', 'L858R', 'L858R', 'L858R', 'L858R', 'L858R', 'L858R', 'L858R', 'L858R', 'L858R', 'L858R', 'L858R', 'L858R', 'L858R', 'L858R', 'L858R', 'L858R', 'L858R', 'L858R', 'L858R', 'L858R', 'L858R', 'L858R', 'L858R', 'L858R', 'L858R', 'L858R', 'L858R', 'L858R', 'L858R', 'L858R', 'L858R', 'L858R', 'L858R', 'L858R', 'L858R', 'L858R', 'L858R', 'L858R', 'L858R']]"
A2_B002572,[]
A19_B003920,[]
A21_B003654,[]
A19_B003070,[]
A19_B003522,[]
A19_B003776,[]
A8_B000860,[]
A3_B003129,[]
A5_B002572,[]
A9_B001545,"[['Q787Q', 'Q787Q', 'Q787Q', 'Q787Q']]"
A19_B003112,[]
A1_B002568,[]
A14_B003120,[]
A5_B003067,[]
A11_B003115,[]
A16_1001000412,"[['T903T', 'T903T', 'T903T'], ['Q787Q', 'Q787Q', 'Q787Q', 'Q787Q'], ['T629T', 'T629T', 'T629T', 'T629T', 'T629T', 'T629T'], ['L858R', 'L858R', 'L858R', 'L858R', 'L858R', 'L858R', 'L858R', 'L858R', 'L858R', 'L858R', 'L858R', 'L858R', 'L858R', 'L858R', 'L858R', 'L858R', 'L858R', 'L858R', 'L858R', 'L858R', 'L858R', 'L858R', 'L858R', 'L858R', 'L858R', 'L858R', 'L858R', 'L858R', 'L858R', 'L858R', 'L858R', 'L858R', 'L858R', 'L858R', 'L858R', 'L858R', 'L858R', 'L858R', 'L858R', 'L858R', 'L858R', 'L858R', 'L858R', 'L858R', 'L858R', 'L858R', 'L858R', 'L858R', 'L858R', 'L858R', 'L858R', 'L858R', 'L858R', 'L858R', 'L858R', 'L858R', 'L858R', 'L858R', 'L858R']]"
A11_1001000318,[]
A7_B003577,[]
A3_B003528,[]
A7_B001556,[]
A7_B003132,[]
A22_B003132,[]
A11_B002572,[]
A16_B003116,[]
A8_B001543,[]
A2_B000862,[]
A8_B003648,[]
A7_B003125,[]
A22_B003920,[]
A5_B003129,[]
A4_1001000317,[]
A11_B001545,[]
A17_B003079,[]
A1_B000860,[]
A10_B003115,[]
A4_B001470,[]
A20_B003120,[]
A15_B003112,[]
A7_B003067,[]
A22_B002073,[]
A13_B003116,[]
A20_B002572,[]
A20_B003528,[]
A8_B002573,[]
A1_B003642,[]
A18_B003116,[]
A19_B003078,[]
A15_B003894,[]
A1_B000863,[]
A12_B003527,[]
A13_B003120,[]
A15_B003191,[]
A15_B003522,[]
A4_1001000407,"[['T629T', 'T629T', 'T629T', 'T629T', 'T629T', 'T629T'], ['R521K', 'R521K', 'R521K', 'R521K', 'R521K', 'R521K', 'R521K', 'R521K', 'R521K', 'R521K', 'R521K', 'R521K', 'R521K', 'R521K', 'R521K', 'R521K', 'R521K', 'R521K', 'R521K', 'R521K', 'R521K', 'R521K', 'R521K', 'R521K', 'R521K', 'R521K', 'R521K', 'R521K', 'R521K', 'R521K', 'R521K', 'R521K']]"
A17_B003070,[]
A18_B000420,"[['T629T', 'T629T', 'T629T', 'T629T', 'T629T', 'T629T']]"
A16_B003775,[]
A12_B003119,[]
A18_B003920,"[['T903T', 'T903T', 'T903T'], ['Q787Q', 'Q787Q', 'Q787Q', 'Q787Q']]"
A16_B003071,[]
A7_B000862,[]
A4_B000862,[]
A15_B002074,[]
A9_B003518,[]
A8_B003132,"[['N158N', 'N158N', 'N158N', 'N158N']]"
A21_B002073,[]
A8_B002572,[]
A19_B003120,[]
A11_B003518,[]
A16_B003187,[]
A22_B003518,[]
A14_B003132,[]
A4_B003126,[]
A20_B003518,"[['T903T', 'T903T', 'T903T']]"
